Primer Name	Sequence	Pool	Final concentration pool (µM)	Length (bp)	Tm	GC%	Start	End
raccov_1_LEFT	ACAAGAGATCGAGAGTTGATTAAAGGT	raccov_1	0.025	27	60.8	37.04	17	44
raccov_1_RIGHT	GTGCCTCTGTTAAAGCCTCCTC	raccov_1	0.025	22	61.12	54.55	405	427
raccov_2_LEFT	CGTCCAACTCAGTTTGCCTGTT	raccov_2	0.025	22	61.76	50	338	360
raccov_2_RIGHT	GCCAAGTTCGTCACCTAAGTCA	raccov_2	0.025	22	60.73	50	728	750
raccov_3_LEFT	GCTTACCGCAAAGTTCTTCTTCG	raccov_1	0.025	23	60.91	47.83	648	671
raccov_3_RIGHT	AGGTGTCTGCAATTCATAGCTCT	raccov_1	0.025	23	60.06	43.48	1039	1062
raccov_4_LEFT	GTGTATACTGCTGCCGTGAACA	raccov_2	0.025	22	61.11	50	979	1001
raccov_4_RIGHT	AGGTAGCCACAAGTTGTAGCAC	raccov_2	0.025	22	60.73	50	1357	1379
raccov_5_LEFT	AAACTTCATGGCACACAGGTGA	raccov_1	0.025	22	60.87	45.45	1282	1304
raccov_5_RIGHT	ACAATGTTGATGTTGACTTTATCCTTCT	raccov_1	0.025	28	60.35	32.14	1663	1691
raccov_6_LEFT	ACAGGTGTTGTTGGAGAAGGTT	raccov_2	0.025	22	60.21	45.45	1605	1627
raccov_6_RIGHT	CTTCTGTAAGACACGCACCGAG	raccov_2	0.025	22	61.41	54.55	1970	1992
raccov_7_LEFT	CATTTGCATCAGAGGCAGCTTG	raccov_1	0.025	22	60.91	50	1903	1925
raccov_7_RIGHT	TGCATAGGTGACAATTTGTCCACT	raccov_1	0.025	24	61.07	41.67	2280	2304
raccov_8_LEFT	AGAGTTTCTTATAGACGGTTGGGAA	raccov_2	0.025	25	59.9	40	2216	2241
raccov_8_RIGHT	TCAACAGCTTCACTAGTAGGTTGT	raccov_2	0.025	24	59.98	41.67	2600	2624
raccov_9_LEFT	TCCTACAGAAGTGCTAACAGAGGA	raccov_1	0.025	24	60.83	45.83	2540	2564
raccov_9_RIGHT	TATGACAGCATCTGCCACAACA	raccov_1	0.025	22	60.47	45.45	2918	2940
raccov_10_LEFT	ATGAGAAGTGCTCTGCCTACAC	raccov_2	0.025	22	60.27	50	2860	2882
raccov_10_RIGHT	ACAGTTTGTTGACTATCATCTTCTAACC	raccov_2	0.025	28	60.19	35.71	3235	3263
raccov_11_LEFT	AGGTAAATCTTTGGAATTTGGTGCT	raccov_1	0.025	25	59.84	36	3167	3192
raccov_11_RIGHT	TGGTCAGATTCAACCTGCATGG	raccov_1	0.025	22	61.06	50	3544	3566
raccov_12_LEFT	TGTCAACGCAGCTAATGTTTACC	raccov_2	0.025	23	60.06	43.48	3470	3493
raccov_12_RIGHT	CACTCTTCATTTCTAAAAAGCTTGAAACA	raccov_2	0.025	29	60.37	31.03	3857	3886
raccov_13_LEFT	ACGTTGTCCGCACAAATGTCTA	raccov_1	0.025	22	60.98	45.45	3799	3821
raccov_13_RIGHT	ACTACAGCAGTTAAAACACCCTCT	raccov_1	0.025	24	60.22	41.67	4163	4187
raccov_14_LEFT	GCCGCTCTTGTTAAAGACGTTG	raccov_2	0.025	22	60.84	50	4089	4111
raccov_14_RIGHT	ACGCTGTATAGTTGAAACTATAGCTTT	raccov_2	0.025	27	59.51	33.33	4473	4500
raccov_15_LEFT	TCTTGGAATTTGCGAGAAATGCT	raccov_1	0.025	23	59.75	39.13	4401	4424
raccov_15_RIGHT	CGGCAAGTGAGACGGTTTCAAT	raccov_1	0.025	22	61.87	50	4791	4813
raccov_16_LEFT	TCTTCGCCTGATGCTGTTACAG	raccov_2	0.025	22	60.85	50	4719	4741
raccov_16_RIGHT	GGTTTTATTTTAGTAACATCAGCTCCGT	raccov_2	0.025	28	60.91	35.71	5086	5114
raccov_17_LEFT	CGCAAGTTGTGGACATGTCAA	raccov_1	0.025	21	59.77	47.62	5029	5050
raccov_17_RIGHT	TTAGCAGCATCACCAGCTCTTG	raccov_1	0.025	22	61.12	50	5392	5414
raccov_18_LEFT	TGCTTTATTAACACTCCAACAAATAGAGT	raccov_2	0.025	29	60.42	31.03	5321	5350
raccov_18_RIGHT	GGTGGTGCGGACATCATAACAA	raccov_2	0.025	22	61.38	50	5698	5720
raccov_19_LEFT	GGTGTCCAAGTACCTTGCATGT	raccov_1	0.025	22	61	50	5631	5653
raccov_19_RIGHT	TGGTACAAGATCAATTGGTTGCTCT	raccov_1	0.025	25	61.14	40	6011	6036
raccov_20_LEFT	GGTGTTGTTAGTACAGAAATTGACCC	raccov_2	0.025	26	60.73	42.31	5943	5969
raccov_20_RIGHT	CAATTGATTTTACACTCCAAAGACAACG	raccov_2	0.025	28	60.85	35.71	6318	6346
raccov_21_LEFT	TGGCTATTGATTATAAACACTATACACCTT	raccov_1	0.025	30	59.8	30	6190	6220
raccov_21_RIGHT	GGAATTGTCTACATAAGCGGCCA	raccov_1	0.025	23	61.25	47.83	6574	6597
raccov_21_RIGHT_alt	AGAATTGTCTACATAAGCAGCCA	raccov_1	0.025	23	61.25	47.83	6574	6597
raccov_22_LEFT	TGTGAAAACTACCGAAGTTGTAGGT	raccov_2	0.025	25	60.78	40	6482	6507
raccov_22_RIGHT	TGTATTCTTTGCTATAGTTGTTGGCA	raccov_2	0.025	26	59.78	34.62	6868	6894
raccov_22_RIGHT_alt	AGTATTCTTTGCTATAGTTGTTGGCA 	raccov_2	0.025	26	59.78	34.62	6868	6894
raccov_23_LEFT	TGCCTTACTTCTTTACTTTGTTGCT	raccov_1	0.025	25	59.79	36	6793	6818
raccov_23_RIGHT	TTTGTATAGTTTCTAAGGAAGGATAGGTATC	raccov_1	0.025	31	59.51	32.26	7182	7213
raccov_24_LEFT	CACTATCACAACCTACTGTACTGGT	raccov_2	0.025	25	60.2	44	7115	7140
raccov_24_RIGHT	AGTTGATGACGTACAACCATCCA	raccov_2	0.025	23	60.25	43.48	7489	7512
raccov_25_LEFT	TGGTTAGAATGTACATTTTCTTCGCA	raccov_1	0.025	26	60.01	34.62	7426	7452
raccov_25_LEFT_alt	TGGTTAGAATGTACATTTTCTTTGCA	raccov_1	0.025	26	60.01	34.62	7426	7452
raccov_25_RIGHT	GTCTTTTGACCAGCTTTATCAAAGTAAA	raccov_1	0.025	28	59.67	32.14	7795	7823
raccov_26_LEFT	ACCAATTAATCCAACTGACCAGTCA	raccov_2	0.025	25	60.85	40	7724	7749
raccov_26_RIGHT	GCAGTTGCAACTAGTGTTTTGAGT	raccov_2	0.025	24	60.75	41.67	8111	8135
raccov_27_LEFT	AGTTGCAGTTAAAATGTTTGATGCTT	raccov_1	0.025	26	59.67	30.77	8042	8068
raccov_27_RIGHT	ACAATGACATGAAATCTTTAACGTTCCA	raccov_1	0.025	28	61.02	32.14	8424	8452
raccov_28_LEFT	GCTTGTATTGACTGTAGTGCACG	raccov_2	0.025	23	60.43	47.83	8355	8378
raccov_28_RIGHT	TGTGGATGCTATGTCACGAGTG	raccov_2	0.025	22	60.6	50	8735	8757
raccov_29_LEFT	CCTGTTCATGTCATGTCTAAACACA	raccov_1	0.025	25	59.91	40	8661	8686
raccov_29_RIGHT	TGGCTTACCAGAAGCATCCCTA	raccov_1	0.025	22	61.08	50	9053	9075
raccov_29_RIGHT_alt	TGGCTTACCAGAAGCATCCTTA	raccov_1	0.025	22	61.08	50	9053	9075
raccov_30_LEFT	ACTTATAGAGTACACTGACTTTGCAAC	raccov_2	0.025	27	59.89	37.04	8990	9017
raccov_30_RIGHT	GGTTGAATTAGTGGTGTAAACATATTAGTAAG	raccov_2	0.025	32	60.16	31.25	9366	9398
raccov_31_LEFT	GATGGGTACTTAATAATGATTATTACAGATCCT	raccov_1	0.025	33	60.37	30.3	9295	9328
raccov_31_RIGHT	TCCAGAAAGGTACTAGAGGTGTGA	raccov_1	0.025	24	60.53	45.83	9682	9706
raccov_32_LEFT	ACTTGTACTTGACATTTTATCTTACCAATG	raccov_2	0.025	30	59.71	30	9613	9643
raccov_32_RIGHT	AAGTCATTGAGAGCCTTTGCGA	raccov_2	0.025	22	60.73	45.45	9988	10010
raccov_33_LEFT	GTACAAGTATTTTAGTGGAGCCATGG	raccov_1	0.025	26	60.4	42.31	9926	9952
raccov_33_RIGHT	TGCATAGAATGTCCAATAACTCTAAGTTG	raccov_1	0.025	29	60.57	34.48	10296	10325
raccov_34_LEFT	GCTTAACCCTAATTATGAAGATTTACTTATTCG	raccov_2	0.025	33	60.54	30.3	10223	10256
raccov_34_RIGHT	TGTCAACAAAAGGTCCATAAAAGGT	raccov_2	0.025	25	59.73	36	10614	10639
raccov_35_LEFT	TGTCTCTTTTTGTTACATGCACCAT	raccov_1	0.025	25	60.08	36	10544	10569
raccov_35_RIGHT	AATTCATCTTCTAATAAAGCACTACCCA	raccov_1	0.025	28	59.55	32.14	10921	10949
raccov_36_LEFT	TGCAGTTTTAGATATGTGTGCTTCA	raccov_2	0.025	25	59.68	36	10853	10878
raccov_36_RIGHT	CCAACTAGCGGGCATGTAGA	raccov_2	0.025	20	59.55	55	11245	11265
raccov_37_LEFT	GCATGCATTTCTCTGTTTGTTTTTGT	raccov_1	0.025	26	60.89	34.62	11183	11209
raccov_37_RIGHT	AGGGCAATACTCAACACACATAAAA	raccov_1	0.025	25	59.61	36	11564	11589
raccov_38_LEFT	CTCTGTTACTTCTAACTACTCAGGTGT	raccov_2	0.025	27	60.32	40.74	11501	11528
raccov_38_RIGHT	AGAGTAAGACTACTGATGTGCACTTT	raccov_2	0.025	26	60.46	38.46	11882	11908
raccov_39_LEFT	TAAATTGTTGGGTGTTGGTGGC	raccov_1	0.025	22	60.08	45.45	11813	11835
raccov_39_RIGHT	ACAACTTCAGAGTCACCATTAGCA	raccov_1	0.025	24	60.53	41.67	12191	12215
raccov_40_LEFT	GCTTCAGAGTTTAGTTCCCTTCCA	raccov_2	0.025	24	60.83	45.83	12120	12144
raccov_40_RIGHT	TGTGTTATAGTCTGGTATGACAACCA	raccov_2	0.025	26	60.23	38.46	12499	12525
raccov_41_LEFT	ACAACGCAAGAGATGGTTGTGT	raccov_1	0.025	22	61.19	45.45	12436	12458
raccov_41_RIGHT	CACAAACCTACCGCCCTTTGTA	raccov_1	0.025	22	60.99	50	12809	12831
raccov_42_LEFT	GATGTCTTGTGCTGCTGGTACT	raccov_2	0.025	22	60.79	50	12740	12762
raccov_42_RIGHT	TGTCCTCCACTAGCTAAGTAATCTTT	raccov_2	0.025	26	59.78	38.46	13128	13154
raccov_43_LEFT	TGCCTGCCAATTCAACTGTACT	raccov_1	0.025	22	60.67	45.45	13066	13088
raccov_43_RIGHT	CAGCTGACTGAAGCATGGGTTC	raccov_1	0.025	22	61.95	54.55	13449	13471
raccov_44_LEFT	CAGTCTGTACTGTCTGCGGTATG	raccov_2	0.025	23	60.98	52.17	13390	13413
raccov_44_RIGHT	TCACCATCTATTCTAAACTTAAAGAAGTCA	raccov_2	0.025	30	59.66	30	13759	13789
raccov_45_LEFT	TCTCTAACTACCAACATGAGGAAACA	raccov_1	0.025	26	60.18	38.46	13692	13718
raccov_45_RIGHT	AGATCTTGATTATCTAATGTCAGTACACCA	raccov_1	0.025	30	60.84	33.33	14068	14098
raccov_46_LEFT	TTAGGTGAACGTGTACGCCAAG	raccov_2	0.025	22	61.04	50	13994	14016
raccov_46_RIGHT	CAGAATGCATCTGTCATCCAAACA	raccov_2	0.025	24	60.16	41.67	14363	14387
raccov_47_LEFT	ACGGAAGAGAGGTTAAAACTCTTTGA	raccov_1	0.025	26	60.85	38.46	14288	14314
raccov_47_RIGHT	CGGGTTTGACAGTTTGAAAAGCA	raccov_1	0.025	23	60.92	43.48	14677	14700
raccov_48_LEFT	GCACGCTGCTTCTGGTAATTTA	raccov_2	0.025	22	59.76	45.45	14602	14624
raccov_48_RIGHT	TCGTAATAGAGTCTAGCCTTACCCC	raccov_2	0.025	25	61.13	48	14988	15013
raccov_49_LEFT	TGCTAACCAAGTCATCGTCAACA	raccov_1	0.025	23	60.75	43.48	14929	14952
raccov_49_RIGHT	AGGATAATCCCAACCCATAAGGTG	raccov_1	0.025	24	60.22	45.83	15299	15323
raccov_50_LEFT	ACAAGCAAATTCTATGGTGGTTGG	raccov_2	0.025	24	60.34	41.67	15233	15257
raccov_50_RIGHT	GCCTGTGTTGTAAATTGCGGAC	raccov_2	0.025	22	61.1	50	15620	15642
raccov_51_LEFT	TGTTACAGCCAACGTTAATGCAC	raccov_1	0.025	23	60.55	43.48	15559	15582
raccov_51_RIGHT	GGATCCGGATAAGGGAGGTACA	raccov_1	0.025	22	60.68	54.55	15942	15964
raccov_52_LEFT	AAGGACCTCATGAATTTTGCTCTC	raccov_2	0.025	24	59.62	41.67	15882	15906
raccov_52_RIGHT	ACAAAGAACACAAGCCCCAACT	raccov_2	0.025	22	61.07	45.45	16261	16283
raccov_53_LEFT	TGATAACACTTCAAGGTATTGGGAAC	raccov_1	0.025	26	59.78	38.46	16189	16215
raccov_53_RIGHT	TGTCCAATCACATGTAGCTATTGCA	raccov_1	0.025	25	61.25	40	16579	16604
raccov_54_LEFT	TGTGTGCTAATGGACAAGTTTTTGG	raccov_2	0.025	25	61.06	40	16506	16531
raccov_54_RIGHT	AAGTTGTTGTACCTCGGTAGACA	raccov_2	0.025	23	59.62	43.48	16885	16908
raccov_55_LEFT	CGTGTAACTAAAAACAGTAAAGTACAAATAGG	raccov_1	0.025	32	60.66	31.25	16814	16846
raccov_55_RIGHT	TTCACATAGTGCATCAACAGCG	raccov_1	0.025	22	59.76	45.45	17194	17216
raccov_56_LEFT	GCTATTGGCTTAGCTCTCTACTACC	raccov_2	0.025	25	60.72	48	17132	17157
raccov_56_RIGHT	TGAAATATTCTGGTTCTAGTGTGCC	raccov_2	0.025	25	59.5	40	17501	17526
raccov_57_LEFT	CTATGTGTACATTGGCGACCCT	raccov_1	0.025	22	60.34	50	17443	17465
raccov_57_RIGHT	CCAAAATCTTTGAGGCTACAGCA	raccov_1	0.025	23	59.75	43.48	17815	17838
raccov_58_LEFT	ATTCCTTACGCGCAATCCTGTT	raccov_2	0.025	22	61.12	45.45	17752	17774
raccov_58_RIGHT	ACTGAGGTGTGTAGGTGACTGT	raccov_2	0.025	22	60.87	50	18124	18146
raccov_59_LEFT	ACAAGCTGAAAATGTGACAGGATT	raccov_1	0.025	24	59.74	37.5	18058	18082
raccov_59_RIGHT	AGTCTGTATTGTTAGGTGTGTCAACA	raccov_1	0.025	26	60.85	38.46	18433	18459
raccov_60_LEFT	TGTTGGTACTAACTTACCTTTACAGCT	raccov_2	0.025	27	60.7	37.04	18361	18388
raccov_60_RIGHT	ACATAATCAAATCCAATGGAGTGATGC	raccov_2	0.025	27	60.96	37.04	18742	18769
raccov_61_LEFT	ACCTGAACGTACGTGTTGTCTA	raccov_1	0.025	22	59.56	45.45	18667	18689
raccov_61_RIGHT	TGGCTTTAGGGTTACCAATGTCA	raccov_1	0.025	23	60.18	43.48	19051	19074
raccov_62_LEFT	GATGAACTGAAGATTAATGCGGCT	raccov_2	0.025	24	60.04	41.67	18962	18986
raccov_62_RIGHT	TCAAAAGCTGGTGTGTGGAATG	raccov_2	0.025	22	59.82	45.45	19335	19357
raccov_63_LEFT	CTAGAGTACTATCTAACCTTAATTTGCCTG	raccov_1	0.025	30	60.1	36.67	19269	19299
raccov_63_RIGHT	ACAACATTAAAAGCCACATTTTCTAAACTC	raccov_1	0.025	30	60.87	30	19642	19672
raccov_64_LEFT	TGGCTTTAGCTTGTGGGTTTACA	raccov_2	0.025	23	60.95	43.48	19573	19596
raccov_64_RIGHT	TGGTTTCTTGGCTATGTCAGTCA	raccov_2	0.025	23	60.18	43.48	19953	19976
raccov_65_LEFT	TGCTGCTAATACTGTCATATGGGAC	raccov_1	0.025	25	60.89	44	19879	19904
raccov_65_RIGHT	TTCTAAGAAATCAATTTCCATTTGACTCC	raccov_1	0.025	29	59.61	31.03	20259	20288
raccov_66_LEFT	AGTTGACGGTGTTGTTCAGCAA	raccov_2	0.025	22	61.38	45.45	20185	20207
raccov_66_RIGHT	ACTTTAGAAACTACAGACAAATCCTGC	raccov_2	0.025	27	60.32	37.04	20566	20593
raccov_67_LEFT	TCTTCGAAATGTGTGTGCTCTGT	raccov_1	0.025	23	60.99	43.48	20501	20524
raccov_67_RIGHT	ATCAGAACCAGCACCGAAATGT	raccov_1	0.025	22	60.74	45.45	20884	20906
raccov_68_LEFT	TGTCGCAAAATATACTCAACTGTGT	raccov_2	0.025	25	59.68	36	20809	20834
raccov_68_RIGHT	AGCTTGTAAAGATCTGCATTCCAAG	raccov_2	0.025	25	60.26	40	21204	21229
raccov_69_LEFT	ACGATCCTAAGACTAAAAATGTTACAAAAG	raccov_1	0.025	30	59.72	30	21075	21105
raccov_69_RIGHT	TCATTGATTTGACCCTCTTTTAAAGACA	raccov_1	0.025	28	60.29	32.14	21459	21487
raccov_70_LEFT	TCCAATTCAGTTGTCTTCCTATTCTTT	raccov_2	0.025	27	59.55	33.33	21385	21412
raccov_70_RIGHT	GTTTTAGTTAGAGCATAATACCAGCTGATA	raccov_2	0.025	30	60.3	33.33	21766	21796
raccov_71_LEFT	ACCCTGACACTATATTTAGATCTAATTCACT	raccov_1	0.025	31	60.71	32.26	21696	21727
raccov_71_LEFT_alt	ACCCTGACACTATATTTAGATCTAATTCAAT	raccov_1	0.025	31	60.71	32.26	21696	21727
raccov_71_RIGHT	TCCAACATAAATGGTTTGGAAATGTACT	raccov_1	0.025	28	60.56	32.14	22077	22105
raccov_72_LEFT	TCATAACAATAGAACATGGAGTACTAGAGA	raccov_2	0.025	30	60.2	33.33	22009	22039
raccov_72_RIGHT	CTGTAATGGTTCCATTCTCATTATACTTAAAC	raccov_2	0.025	32	60.21	31.25	22390	22422
raccov_73_LEFT	ACGGCTGGACTGTATTTTCAGC	raccov_1	0.025	22	61.37	50	22329	22351
raccov_73_RIGHT	CAGAGATCATTTAATTTAGTAGGAGACACT	raccov_1	0.025	30	59.81	33.33	22705	22735
raccov_74_LEFT	TGCGTTGCTGATTATTCTGTCCT	raccov_2	0.025	23	60.87	43.48	22643	22666
raccov_74_RIGHT	TGTAAAGGGTAGTAACAGTTAAAACCTG	raccov_2	0.025	28	60.08	35.71	23013	23041
raccov_75_LEFT	TCAAACCATTTGAGAGAGATATTTCTACA	raccov_1	0.025	29	59.61	31.03	22944	22973
raccov_75_RIGHT	CTAACACCACCAAAAGAGCATGG	raccov_1	0.025	23	60.31	47.83	23327	23350
raccov_76_LEFT	TTTGGCAGAGACATTGCTGACA	raccov_2	0.025	22	60.93	45.45	23255	23277
raccov_76_RIGHT	GCAACAGAATTTTCAGCACCTAGT	raccov_2	0.025	24	60.34	41.67	23644	23668
raccov_77_LEFT	CTGCGCCAGTTATCAGACTCAA	raccov_1	0.025	22	60.85	50	23572	23594
raccov_77_RIGHT	TGGTTTAGATGGGTCTGGTAATATTTGT	raccov_1	0.025	28	61.09	35.71	23959	23987
raccov_78_LEFT	CAGGAGGTTTTTGCACAAGTCA	raccov_2	0.025	22	59.75	45.45	23885	23907
raccov_78_RIGHT	AGAACATTCTGTGTAACTCCAATACCA	raccov_2	0.025	27	60.97	37.04	24271	24298
raccov_79_LEFT	ACTTCTGGTTGGACCTTTGGTG	raccov_1	0.025	22	60.87	50	24197	24219
raccov_79_RIGHT	AGAAGCTCTAATTTCTGCAGCTCT	raccov_1	0.025	24	60.4	41.67	24590	24614
raccov_80_LEFT	TGATAGGTTAATCACGGGCAGAC	raccov_2	0.025	23	60.43	47.83	24529	24552
raccov_80_RIGHT	AACATCACAGCTACCAGAGACAA	raccov_2	0.025	23	59.93	43.48	24912	24935
raccov_81_LEFT	TGGCACAGATTGGTTTATAACACAA	raccov_1	0.025	25	59.85	36	24844	24869
raccov_81_RIGHT	AACAAAGCATGATTGTGACCATGA	raccov_1	0.025	24	60.04	37.5	25233	25257
raccov_82_LEFT	TCTCTCATTGACCTCCAAGAACTTG	raccov_2	0.025	25	60.9	44	25136	25161
raccov_82_RIGHT	CAAGAAGTGCAACGCCAACAAT	raccov_2	0.025	22	60.98	45.45	25519	25541
raccov_83_LEFT	TTCACATTCTGTTCGCGCTACT	raccov_1	0.025	22	60.79	45.45	25455	25477
raccov_83_LEFT_alt	TCCACATTCTGTTCGCGCTACT	raccov_1	0.025	22	60.79	45.45	25455	25477
raccov_83_RIGHT	AGGTATACAATAGTCACAACAATTAGTATGC	raccov_1	0.025	31	60.75	32.26	25827	25858
raccov_84_LEFT	CTTTGGCTTTGCTGGAAATGCC	raccov_2	0.025	22	61.63	50	25759	25781
raccov_84_RIGHT	TTGCTGGATTTACAACTCCGGA	raccov_2	0.025	22	60.14	45.45	26137	26159
raccov_85_LEFT	ACAATAAAATTGTGGACGAGCGA	raccov_1	0.025	23	59.5	39.13	26078	26101
raccov_85_RIGHT	AGTTCGTTTAGACCAGAAGATCAGG	raccov_1	0.025	25	60.72	44	26443	26468
raccov_86_LEFT	ACGTGAGTCTTGTAAAACCATCTTT	raccov_2	0.025	25	59.56	36	26375	26400
raccov_86_RIGHT	TCAAACCCACAAGACAAGCCAT	raccov_2	0.025	22	60.87	45.45	26760	26782
raccov_87_LEFT	GCTTTGTGCTTGCTGCTGTTTA	raccov_1	0.025	22	60.98	45.45	26701	26723
raccov_87_RIGHT	AGCAAAACCTGAATCACCTGCT	raccov_1	0.025	22	60.94	45.45	27071	27093
raccov_88_LEFT	GGACCTGCCTAAAGAAATCACTGT	raccov_2	0.025	24	61.13	45.83	26996	27020
raccov_88_RIGHT	TGCCAAGAAAAGAATAATTTTCATGTTCG	raccov_2	0.025	29	60.91	31.03	27377	27406
raccov_89_LEFT	AAAGTTTATCTAAGCCACTAACTGAGAAT	raccov_1	0.025	29	59.81	31.03	27302	27331
raccov_89_RIGHT	AAACACTATTGCCGCAATAATGAGA	raccov_1	0.025	25	60.02	36	27684	27709
raccov_90_LEFT	TACGTGCCAGATCAGTTTCACC	raccov_2	0.025	22	60.79	50	27611	27633
raccov_90_RIGHT	TGTACCATTTAGAATAGAAGTGAATAGGACA	raccov_2	0.025	31	61.04	32.26	27990	28021
raccov_90_RIGHT_alt	TATACCATTTAGAATAGAAGTGAATAGGACA 	raccov_2	0.025	31	61.04	32.26	27990	28021
raccov_91_LEFT	TCCTTACAACAGTAGCTGCATTTCA	raccov_1	0.025	25	61.13	40	27907	27932
raccov_91_RIGHT	CCACCAAATGTAATGCGGGGAG	raccov_1	0.025	22	62.03	54.55	28296	28318
raccov_92_LEFT	AGTATCATGACGTTCGTGTTGTTT	raccov_2	0.025	24	59.57	37.5	28210	28234
raccov_92_RIGHT	AGCTTCTGGTCCAGTTCCTAGG	raccov_2	0.025	22	61.34	54.55	28597	28619
raccov_93_LEFT	GAATTCGTGGTGGTGACGGTAA	raccov_1	0.025	22	61.05	50	28539	28561
raccov_93_RIGHT	CTATCAAGCAGCAGCAAAGCAA	raccov_1	0.025	22	60.27	45.45	28917	28939
raccov_94_LEFT	CAGTTCAAGAAATTCAACCCCAGG	raccov_2	0.025	24	60.58	45.83	28837	28861
raccov_94_RIGHT	AAGGTGTGACTTCCATGCCAAT	raccov_2	0.025	22	60.68	45.45	29219	29241
raccov_95_LEFT	ATTGGCCGCAAATTGCACAATT	raccov_1	0.025	22	61.32	40.91	29160	29182
raccov_95_RIGHT	TATAGCCCATCTGCCTTGTGTG	raccov_1	0.025	22	60.34	50	29534	29556
raccov_96_LEFT	GCTGCAGATTTGGATGATTTCTCC	raccov_2	0.025	24	60.82	45.83	29450	29474
raccov_96_RIGHT	TGTCATTCTCCTAAGAAGCTATTAAAATCA	raccov_2	0.025	30	59.95	30	29829	29859
